"_RFSMOK3","_RFDRHV5","freq"
2,1,0.366690771541414
2,1,0.140679757467876
2,1,0.115647772153307
2,1,0.066362574400623
2,1,0.31061912443678
