"_RFDRHV5","_RFSMOK3","freq"
2,1,0.555303342963269
2,1,0.143004539826661
2,1,0.0841931489888568
2,1,0.0536524969046636
2,1,0.16384647131655
