"_RFDRHV5","_RFSMOK3","freq"
2,2,0.35075493612079
2,2,0.152535811072396
2,2,0.122725512969415
2,2,0.0665892373209446
2,2,0.307394502516454
