"_RFDRHV5","_RFSMOK3","freq"
1,1,0.563535167041764
1,1,0.141072463377491
1,1,0.0868158969313909
1,1,0.0453216177243508
1,1,0.163254854925003
